[
  {
    "id": "9766d062-84f2-4f92-a82b-994efd9ddd10",
    "data": [
      {
        "text": "labels",
        "userDefined": false
      }
    ],
    "isTemplate": false,
    "count": 0,
    "updated": 0
  },
  {
    "id": "cb76e994-6a9d-4e2e-8f05-95d19ecaeb7d",
    "data": [
      {
        "text": "list available labels",
        "userDefined": false
      }
    ],
    "isTemplate": false,
    "count": 0,
    "updated": 0
  },
  {
    "id": "61c5bcd7-0104-4072-b9ee-06e637ea4154",
    "data": [
      {
        "text": "all labels",
        "userDefined": false
      }
    ],
    "isTemplate": false,
    "count": 0,
    "updated": 0
  },
  {
    "id": "4feb7a01-7716-48bb-8c02-fe44844362b8",
    "data": [
      {
        "text": "list labels",
        "userDefined": false
      }
    ],
    "isTemplate": false,
    "count": 0,
    "updated": 0
  },
  {
    "id": "605d6711-7906-4ee4-a33b-44e175eadc54",
    "data": [
      {
        "text": "show labels",
        "userDefined": false
      }
    ],
    "isTemplate": false,
    "count": 0,
    "updated": 0
  },
  {
    "id": "a9ed944f-7802-4f01-84f1-c3f1c19bf91b",
    "data": [
      {
        "text": "what are the available labels",
        "userDefined": false
      }
    ],
    "isTemplate": false,
    "count": 0,
    "updated": 0
  },
  {
    "id": "335d5dc6-fc07-48d7-bef1-839e434fc6d3",
    "data": [
      {
        "text": "list all labels",
        "userDefined": false
      }
    ],
    "isTemplate": false,
    "count": 0,
    "updated": 0
  }
]