[
  {
    "id": "d35f2355-31e3-4171-a750-c1def5ad8be6",
    "data": [
      {
        "text": "simplekml",
        "alias": "repo",
        "meta": "@sys.any",
        "userDefined": true
      }
    ],
    "isTemplate": false,
    "count": 0,
    "updated": 0
  },
  {
    "id": "1aca3350-72df-40b2-b5fa-37116f382752",
    "data": [
      {
        "text": "the repo named ",
        "userDefined": false
      },
      {
        "text": "numpy",
        "alias": "repo",
        "meta": "@sys.any",
        "userDefined": true
      }
    ],
    "isTemplate": false,
    "count": 0,
    "updated": 0
  },
  {
    "id": "63dc7127-f3ae-475e-84ab-e1a9bdd5a5e9",
    "data": [
      {
        "text": "the repo called ",
        "userDefined": false
      },
      {
        "text": "hexo",
        "alias": "repo",
        "meta": "@sys.any",
        "userDefined": true
      }
    ],
    "isTemplate": false,
    "count": 0,
    "updated": 0
  },
  {
    "id": "3b4954a0-c95e-458b-a3f1-69e75fe9b2b8",
    "data": [
      {
        "text": "the repo ",
        "userDefined": false
      },
      {
        "text": "pandas",
        "alias": "repo",
        "meta": "@sys.any",
        "userDefined": true
      }
    ],
    "isTemplate": false,
    "count": 0,
    "updated": 0
  },
  {
    "id": "2fa5599e-0553-4b65-8c7f-a11b44eb1e89",
    "data": [
      {
        "text": "eslint",
        "alias": "repo",
        "meta": "@sys.any",
        "userDefined": true
      }
    ],
    "isTemplate": false,
    "count": 0,
    "updated": 0
  },
  {
    "id": "626d6eb6-26a2-404c-9606-20132911803b",
    "data": [
      {
        "text": "feather",
        "alias": "repo",
        "meta": "@sys.any",
        "userDefined": true
      }
    ],
    "isTemplate": false,
    "count": 0,
    "updated": 0
  }
]