[
  {
    "id": "17391a6f-55ff-4133-a93b-16daa646afca",
    "data": [
      {
        "text": "the owner is ",
        "userDefined": false
      },
      {
        "text": "eslint",
        "alias": "owner",
        "meta": "@sys.any",
        "userDefined": true
      }
    ],
    "isTemplate": false,
    "count": 0,
    "updated": 0
  },
  {
    "id": "b87797b2-4807-4b1f-889e-f24e22135079",
    "data": [
      {
        "text": "bcdasilv",
        "alias": "owner",
        "meta": "@sys.any",
        "userDefined": true
      }
    ],
    "isTemplate": false,
    "count": 0,
    "updated": 0
  },
  {
    "id": "93d4bdd7-1d83-4bf8-9105-181b04e9bce0",
    "data": [
      {
        "text": "mmachiya",
        "alias": "owner",
        "meta": "@sys.any",
        "userDefined": true
      }
    ],
    "isTemplate": false,
    "count": 0,
    "updated": 0
  }
]