[
  {
    "id": "f74f4fc5-8974-453c-84a1-e9e6f6a8343a",
    "data": [
      {
        "text": "issues with label ",
        "userDefined": false
      },
      {
        "text": "sprint #6",
        "alias": "label",
        "meta": "@sys.any",
        "userDefined": true
      }
    ],
    "isTemplate": false,
    "count": 0,
    "updated": 0
  },
  {
    "id": "f0804844-bb2f-41ad-a604-3dc874550cbe",
    "data": [
      {
        "text": "give me all the issues with the label ",
        "userDefined": false
      },
      {
        "text": "feature",
        "alias": "label",
        "meta": "@sys.any",
        "userDefined": true
      }
    ],
    "isTemplate": false,
    "count": 0,
    "updated": 0
  },
  {
    "id": "465e08ea-31b5-4286-992b-376535a5c365",
    "data": [
      {
        "text": "issues with the ",
        "userDefined": false
      },
      {
        "text": "current sprint",
        "alias": "label",
        "meta": "@sys.any",
        "userDefined": true
      },
      {
        "text": " label",
        "userDefined": false
      }
    ],
    "isTemplate": false,
    "count": 0,
    "updated": 0
  },
  {
    "id": "b8f620bf-b5e2-4b36-9632-0b24f46463a0",
    "data": [
      {
        "text": "what are the issues with the ",
        "userDefined": false
      },
      {
        "text": "test",
        "alias": "label",
        "meta": "@sys.any",
        "userDefined": true
      },
      {
        "text": " label",
        "userDefined": false
      }
    ],
    "isTemplate": false,
    "count": 0,
    "updated": 0
  },
  {
    "id": "cbe4ec8d-87de-4fc6-8441-12fbc2d23d91",
    "data": [
      {
        "text": "issues with the label ",
        "userDefined": false
      },
      {
        "text": "high priority",
        "alias": "label",
        "meta": "@sys.any",
        "userDefined": true
      }
    ],
    "isTemplate": false,
    "count": 0,
    "updated": 0
  },
  {
    "id": "ef41f8f1-7f78-4e3b-a2b2-96d104e6f1d3",
    "data": [
      {
        "text": "what are the issues with the ",
        "userDefined": false
      },
      {
        "text": "bug",
        "alias": "label",
        "meta": "@sys.any",
        "userDefined": true
      },
      {
        "text": " label",
        "userDefined": false
      }
    ],
    "isTemplate": false,
    "count": 0,
    "updated": 0
  }
]