[
  {
    "id": "3039cbaa-eb5b-47a0-bcda-c4243f2bb88e",
    "data": [
      {
        "text": "list all issues ",
        "userDefined": false
      },
      {
        "text": "yashsatyavarpu",
        "alias": "assignee",
        "meta": "@sys.any",
        "userDefined": true
      },
      {
        "text": " is in charge of",
        "userDefined": false
      }
    ],
    "isTemplate": false,
    "count": 0,
    "updated": 0
  },
  {
    "id": "b09519f4-1109-4c78-a54f-9190adec4e82",
    "data": [
      {
        "text": "all issues ",
        "userDefined": false
      },
      {
        "text": "siriwans",
        "alias": "assignee",
        "meta": "@sys.any",
        "userDefined": true
      },
      {
        "text": " is assigned to",
        "userDefined": false
      }
    ],
    "isTemplate": false,
    "count": 0,
    "updated": 0
  },
  {
    "id": "7b102dfe-6d1c-467c-84be-32cff42141d8",
    "data": [
      {
        "text": "what are the issues that ",
        "userDefined": false
      },
      {
        "text": "khitran",
        "alias": "assignee",
        "meta": "@sys.any",
        "userDefined": true
      },
      {
        "text": " is responsible for",
        "userDefined": false
      }
    ],
    "isTemplate": false,
    "count": 0,
    "updated": 0
  },
  {
    "id": "81387481-72c3-4786-972d-a196934fd048",
    "data": [
      {
        "text": "what are the issues currently assigned to ",
        "userDefined": false
      },
      {
        "text": "mahichoudhary",
        "alias": "assignee",
        "meta": "@sys.any",
        "userDefined": true
      }
    ],
    "isTemplate": false,
    "count": 0,
    "updated": 0
  },
  {
    "id": "815a6988-4215-4d4a-b644-18a1c05c8426",
    "data": [
      {
        "text": "list all issues ",
        "userDefined": false
      },
      {
        "text": "erozhon",
        "alias": "assignee",
        "meta": "@sys.any",
        "userDefined": true
      },
      {
        "text": " is responsible for",
        "userDefined": false
      }
    ],
    "isTemplate": false,
    "count": 0,
    "updated": 0
  },
  {
    "id": "e8f8c42a-276a-45de-a307-026b38ae163b",
    "data": [
      {
        "text": "all issues ",
        "userDefined": false
      },
      {
        "text": "mlpollar",
        "alias": "assignee",
        "meta": "@sys.any",
        "userDefined": true
      },
      {
        "text": " is in charge of",
        "userDefined": false
      }
    ],
    "isTemplate": false,
    "count": 0,
    "updated": 0
  },
  {
    "id": "c7c2bd1c-5c0f-4616-89b3-b7bf38df2c32",
    "data": [
      {
        "text": "give me the issues assigned to ",
        "userDefined": false
      },
      {
        "text": "mmachiya",
        "alias": "assignee",
        "meta": "@sys.any",
        "userDefined": true
      }
    ],
    "isTemplate": false,
    "count": 0,
    "updated": 0
  },
  {
    "id": "0527bff0-20ff-4ebf-b24d-99ea8ec18559",
    "data": [
      {
        "text": "list the issues assigned to ",
        "userDefined": false
      },
      {
        "text": "siriwans",
        "alias": "assignee",
        "meta": "@sys.any",
        "userDefined": true
      }
    ],
    "isTemplate": false,
    "count": 0,
    "updated": 0
  }
]