[
  {
    "id": "75ad200d-cf1c-4a5a-88d0-0ca2bed7a1e7",
    "data": [
      {
        "text": "what were the issues that have been added ",
        "userDefined": false
      },
      {
        "text": "the last month",
        "alias": "date_period",
        "meta": "@sys.date-period",
        "userDefined": false
      }
    ],
    "isTemplate": false,
    "count": 0,
    "updated": 0
  },
  {
    "id": "6949c4d7-a338-47a1-9ffa-62e5b9760d8d",
    "data": [
      {
        "text": "issues that were added in ",
        "userDefined": false
      },
      {
        "text": "the last 4 days",
        "alias": "date_period",
        "meta": "@sys.date-period",
        "userDefined": false
      }
    ],
    "isTemplate": false,
    "count": 0,
    "updated": 0
  },
  {
    "id": "d00ba14f-e896-4a07-ac79-c27e70cdc888",
    "data": [
      {
        "text": "what are the issues that were added in ",
        "userDefined": false
      },
      {
        "text": "the last 5 days",
        "alias": "date_period",
        "meta": "@sys.date-period",
        "userDefined": false
      }
    ],
    "isTemplate": false,
    "count": 0,
    "updated": 0
  },
  {
    "id": "a4a59db9-89f5-4a14-8bdf-bf6e640745fb",
    "data": [
      {
        "text": "issues that were added the ",
        "userDefined": false
      },
      {
        "text": "last 2 months",
        "alias": "date_period",
        "meta": "@sys.date-period",
        "userDefined": true
      }
    ],
    "isTemplate": false,
    "count": 0,
    "updated": 0
  },
  {
    "id": "a2b4c6b8-87b3-41f8-b6ef-223921d89ee1",
    "data": [
      {
        "text": "number of issues added in ",
        "userDefined": false
      },
      {
        "text": "the last 3 days",
        "alias": "date_period",
        "meta": "@sys.date-period",
        "userDefined": false
      }
    ],
    "isTemplate": false,
    "count": 0,
    "updated": 0
  },
  {
    "id": "9a3a1f63-363f-40d2-aab6-960190203245",
    "data": [
      {
        "text": "how many issues have we added in ",
        "userDefined": false
      },
      {
        "text": "the last week",
        "alias": "date_period",
        "meta": "@sys.date-period",
        "userDefined": false
      }
    ],
    "isTemplate": false,
    "count": 0,
    "updated": 0
  }
]