[
  {
    "id": "da6e11b2-7f9c-4554-854f-0dd6e27c3832",
    "data": [
      {
        "text": "people responsible for issue ",
        "userDefined": false
      },
      {
        "text": "93",
        "alias": "number",
        "meta": "@sys.number",
        "userDefined": false
      }
    ],
    "isTemplate": false,
    "count": 0,
    "updated": 0
  },
  {
    "id": "58b0d379-8b0d-4ade-9ff1-3445f60690ab",
    "data": [
      {
        "text": "person responsible for issue ",
        "userDefined": false
      },
      {
        "text": "78",
        "alias": "number",
        "meta": "@sys.number",
        "userDefined": false
      }
    ],
    "isTemplate": false,
    "count": 0,
    "updated": 0
  },
  {
    "id": "1a19e0a2-c68a-42fa-a1ca-d74e42ba048f",
    "data": [
      {
        "text": "who are working on the issue ",
        "userDefined": false
      },
      {
        "text": "49",
        "alias": "number",
        "meta": "@sys.number",
        "userDefined": true
      }
    ],
    "isTemplate": false,
    "count": 0,
    "updated": 0
  },
  {
    "id": "cec0fd7a-b2da-4ddd-abf5-ebd4395a7b32",
    "data": [
      {
        "text": "who\u0027s working on issue #",
        "userDefined": false
      },
      {
        "text": "632",
        "alias": "number",
        "meta": "@sys.number",
        "userDefined": true
      }
    ],
    "isTemplate": false,
    "count": 0,
    "updated": 0
  },
  {
    "id": "aa336919-e178-4e64-a49c-5203e226d745",
    "data": [
      {
        "text": "issue ",
        "userDefined": false
      },
      {
        "text": "55",
        "alias": "number",
        "meta": "@sys.number",
        "userDefined": true
      },
      {
        "text": " owner",
        "userDefined": false
      }
    ],
    "isTemplate": false,
    "count": 0,
    "updated": 0
  },
  {
    "id": "471b003e-831c-4d1b-a759-e397ec908ffc",
    "data": [
      {
        "text": "issue ",
        "userDefined": false
      },
      {
        "text": "83",
        "alias": "number",
        "meta": "@sys.number",
        "userDefined": true
      },
      {
        "text": " assignee",
        "userDefined": false
      }
    ],
    "isTemplate": false,
    "count": 0,
    "updated": 0
  },
  {
    "id": "a9c14cc0-dd73-421b-a4d4-35c35d7f6708",
    "data": [
      {
        "text": "who\u0027s in assigned for issue ",
        "userDefined": false
      },
      {
        "text": "90",
        "alias": "number",
        "meta": "@sys.number",
        "userDefined": false
      }
    ],
    "isTemplate": false,
    "count": 0,
    "updated": 0
  },
  {
    "id": "2628a60d-c46d-4a04-b47c-f625179760d7",
    "data": [
      {
        "text": "owner of issue ",
        "userDefined": false
      },
      {
        "text": "12",
        "alias": "number",
        "meta": "@sys.number",
        "userDefined": false
      }
    ],
    "isTemplate": false,
    "count": 0,
    "updated": 0
  },
  {
    "id": "8f79a229-3978-45b6-bc6b-0798d0585f3d",
    "data": [
      {
        "text": "assignee of issue ",
        "userDefined": false
      },
      {
        "text": "thirty four",
        "alias": "number",
        "meta": "@sys.number",
        "userDefined": false
      }
    ],
    "isTemplate": false,
    "count": 0,
    "updated": 0
  },
  {
    "id": "3dde5d13-3c5c-4025-8258-62dee41a8a67",
    "data": [
      {
        "text": "assignees of issue number ",
        "userDefined": false
      },
      {
        "text": "100",
        "alias": "number",
        "meta": "@sys.number",
        "userDefined": false
      }
    ],
    "isTemplate": false,
    "count": 0,
    "updated": 0
  },
  {
    "id": "66036de2-026e-493b-a65c-72845be5cf2a",
    "data": [
      {
        "text": "who are assigned to issue #",
        "userDefined": false
      },
      {
        "text": "42",
        "alias": "number",
        "meta": "@sys.number",
        "userDefined": true
      }
    ],
    "isTemplate": false,
    "count": 0,
    "updated": 0
  },
  {
    "id": "5388492b-a23b-4295-aa34-59671811c52b",
    "data": [
      {
        "text": "who is in charge of issue number ",
        "userDefined": false
      },
      {
        "text": "3",
        "alias": "number",
        "meta": "@sys.number",
        "userDefined": false
      }
    ],
    "isTemplate": false,
    "count": 0,
    "updated": 0
  }
]