[
  {
    "id": "b0c1050e-b620-4463-a049-6e4da9c3b267",
    "data": [
      {
        "text": "open issues",
        "userDefined": false
      }
    ],
    "isTemplate": false,
    "count": 0,
    "updated": 0
  },
  {
    "id": "1dd4c079-3ef9-4eb9-894c-d2afa007914c",
    "data": [
      {
        "text": "number of open issues",
        "userDefined": false
      }
    ],
    "isTemplate": false,
    "count": 0,
    "updated": 0
  },
  {
    "id": "b5a4af9c-9513-4391-ad1f-c3562888da89",
    "data": [
      {
        "text": "how many open issues",
        "userDefined": false
      }
    ],
    "isTemplate": false,
    "count": 0,
    "updated": 0
  },
  {
    "id": "b3d21e13-cfc7-499b-a695-0e0cff763b0d",
    "data": [
      {
        "text": "get me the number of open issues",
        "userDefined": false
      }
    ],
    "isTemplate": false,
    "count": 0,
    "updated": 0
  },
  {
    "id": "3f8aa0be-749c-4ed0-bf63-0dd9b08e11dc",
    "data": [
      {
        "text": "how many open issues are in the repo?",
        "userDefined": false
      }
    ],
    "isTemplate": false,
    "count": 0,
    "updated": 0
  },
  {
    "id": "07f8a747-9b6a-4a99-9ee2-864a6f9d53db",
    "data": [
      {
        "text": "how many open issues are there?",
        "userDefined": false
      }
    ],
    "isTemplate": false,
    "count": 0,
    "updated": 0
  }
]