[
  {
    "id": "36d25cfb-62b2-40eb-86bc-6ebbb2a775fe",
    "data": [
      {
        "text": "give me the number of repos for ",
        "userDefined": false
      },
      {
        "text": "khitran",
        "alias": "userName",
        "meta": "@sys.any",
        "userDefined": true
      }
    ],
    "isTemplate": false,
    "count": 0,
    "updated": 0
  },
  {
    "id": "4a1a83df-0f1a-41fa-908d-dfd2f9f24739",
    "data": [
      {
        "text": "how many repositories are in ",
        "userDefined": false
      },
      {
        "text": "eslint",
        "alias": "userName",
        "meta": "@sys.any",
        "userDefined": true
      }
    ],
    "isTemplate": false,
    "count": 0,
    "updated": 0
  },
  {
    "id": "2c7c5f6c-dd93-4651-8ccb-cebf189da280",
    "data": [
      {
        "text": "how many repos does the user ",
        "userDefined": false
      },
      {
        "text": "leaflet",
        "alias": "userName",
        "meta": "@sys.any",
        "userDefined": true
      },
      {
        "text": " have",
        "userDefined": false
      }
    ],
    "isTemplate": false,
    "count": 0,
    "updated": 0
  },
  {
    "id": "0740530f-aa8c-4e7d-b3c7-7fec9e1299f0",
    "data": [
      {
        "text": "how many repos are in ",
        "userDefined": false
      },
      {
        "text": "pytest-dev",
        "alias": "userName",
        "meta": "@sys.any",
        "userDefined": true
      }
    ],
    "isTemplate": false,
    "count": 0,
    "updated": 0
  },
  {
    "id": "07529ec1-5fec-4d6e-9829-18f76755612b",
    "data": [
      {
        "text": "repositories of user ",
        "userDefined": false
      },
      {
        "text": "mmachiya",
        "alias": "userName",
        "meta": "@sys.any",
        "userDefined": true
      }
    ],
    "isTemplate": false,
    "count": 0,
    "updated": 0
  },
  {
    "id": "0da6f27c-1053-410c-94b7-3c0d0624f8fe",
    "data": [
      {
        "text": "repos in ",
        "userDefined": false
      },
      {
        "text": "chatwoot",
        "alias": "userName",
        "meta": "@sys.any",
        "userDefined": true
      }
    ],
    "isTemplate": false,
    "count": 0,
    "updated": 0
  },
  {
    "id": "93e1a8e7-ff31-4ea0-b805-2e838dfcfd1d",
    "data": [
      {
        "text": "how many repos does ",
        "userDefined": false
      },
      {
        "text": "numpy",
        "alias": "userName",
        "meta": "@sys.any",
        "userDefined": true
      },
      {
        "text": " have",
        "userDefined": false
      }
    ],
    "isTemplate": false,
    "count": 0,
    "updated": 0
  },
  {
    "id": "346cea22-6b1e-4f1b-8655-242b87358a55",
    "data": [
      {
        "text": "give me the number of repos of the user ",
        "userDefined": false
      },
      {
        "text": "siriwans",
        "alias": "userName",
        "meta": "@sys.any",
        "userDefined": true
      }
    ],
    "isTemplate": false,
    "count": 0,
    "updated": 0
  },
  {
    "id": "65a71b5a-a0de-48de-98d4-29dc93eff47b",
    "data": [
      {
        "text": "get the number of repositories in ",
        "userDefined": false
      },
      {
        "text": "scrapy",
        "alias": "userName",
        "meta": "@sys.any",
        "userDefined": true
      }
    ],
    "isTemplate": false,
    "count": 0,
    "updated": 0
  },
  {
    "id": "cbe605e9-41dc-44dc-9c19-d41e1d941004",
    "data": [
      {
        "text": "get the number of repos in ",
        "userDefined": false
      },
      {
        "text": "bcdsilv",
        "alias": "userName",
        "meta": "@sys.any",
        "userDefined": true
      }
    ],
    "isTemplate": false,
    "count": 0,
    "updated": 0
  }
]