[
  {
    "id": "2c4edb99-4105-480a-87fe-cd2523aa16e9",
    "data": [
      {
        "text": "issues ",
        "userDefined": false
      },
      {
        "text": "jaxyflaxy",
        "alias": "assignee",
        "meta": "@sys.any",
        "userDefined": true
      },
      {
        "text": " is currently responsible for?",
        "userDefined": false
      }
    ],
    "isTemplate": false,
    "count": 0,
    "updated": 0
  },
  {
    "id": "1b34d726-2778-42be-ac1f-dd9c98f2d24c",
    "data": [
      {
        "text": "how many issues is ",
        "userDefined": false
      },
      {
        "text": "jaxyflaxy",
        "alias": "assignee",
        "meta": "@sys.any",
        "userDefined": true
      },
      {
        "text": " currently in charge of?",
        "userDefined": false
      }
    ],
    "isTemplate": false,
    "count": 0,
    "updated": 0
  },
  {
    "id": "d3da0ddf-8ecb-4616-9495-c019ea9d50a2",
    "data": [
      {
        "text": "how many open issues is ",
        "userDefined": false
      },
      {
        "text": "mlpollar",
        "alias": "assignee",
        "meta": "@sys.any",
        "userDefined": true
      },
      {
        "text": " responsible for?",
        "userDefined": false
      }
    ],
    "isTemplate": false,
    "count": 0,
    "updated": 0
  },
  {
    "id": "a99bb4d2-16a1-4616-a240-05b7dc5efa04",
    "data": [
      {
        "text": "number of open issues for ",
        "userDefined": false
      },
      {
        "text": "erozhon",
        "alias": "assignee",
        "meta": "@sys.any",
        "userDefined": true
      }
    ],
    "isTemplate": false,
    "count": 0,
    "updated": 0
  },
  {
    "id": "0fc3a6e7-a987-4cc5-b981-e3b8b879eb18",
    "data": [
      {
        "text": "open issues ",
        "userDefined": false
      },
      {
        "text": "yashsatyavarpu",
        "alias": "assignee",
        "meta": "@sys.any",
        "userDefined": true
      },
      {
        "text": " is responsible for",
        "userDefined": false
      }
    ],
    "isTemplate": false,
    "count": 0,
    "updated": 0
  },
  {
    "id": "fb3ecb7e-167e-4a92-8afa-b784bb05e44d",
    "data": [
      {
        "text": "open issues ",
        "userDefined": false
      },
      {
        "text": "bcdasilv",
        "alias": "assignee",
        "meta": "@sys.any",
        "userDefined": true
      },
      {
        "text": " is in charge of",
        "userDefined": false
      }
    ],
    "isTemplate": false,
    "count": 0,
    "updated": 0
  },
  {
    "id": "3795faf5-9f83-449b-9821-fcfd0ed02ec5",
    "data": [
      {
        "text": "number of open issues ",
        "userDefined": false
      },
      {
        "text": "siriwans",
        "alias": "assignee",
        "meta": "@sys.any",
        "userDefined": true
      },
      {
        "text": " is in charge of",
        "userDefined": false
      }
    ],
    "isTemplate": false,
    "count": 0,
    "updated": 0
  },
  {
    "id": "37396d70-7bfd-48f8-9c07-7cd896a02bcf",
    "data": [
      {
        "text": "number of open issues assigned to ",
        "userDefined": false
      },
      {
        "text": "khitran",
        "alias": "assignee",
        "meta": "@sys.any",
        "userDefined": true
      }
    ],
    "isTemplate": false,
    "count": 0,
    "updated": 0
  },
  {
    "id": "cc3d6a66-110a-4b34-9ae8-42075ad98a3a",
    "data": [
      {
        "text": "open issues for ",
        "userDefined": false
      },
      {
        "text": "mmachiya",
        "alias": "assignee",
        "meta": "@sys.any",
        "userDefined": true
      }
    ],
    "isTemplate": false,
    "count": 0,
    "updated": 0
  },
  {
    "id": "42a26662-29e7-423e-83ea-1c11d239cfdd",
    "data": [
      {
        "text": "how many open issues are assigned to ",
        "userDefined": false
      },
      {
        "text": "siriwans",
        "alias": "assignee",
        "meta": "@sys.any",
        "userDefined": true
      }
    ],
    "isTemplate": false,
    "count": 0,
    "updated": 0
  }
]