[
  {
    "id": "e21ead2c-9485-4407-ac9c-a50f9a6d3b1a",
    "data": [
      {
        "text": "start over",
        "userDefined": false
      }
    ],
    "isTemplate": false,
    "count": 0,
    "updated": 0
  },
  {
    "id": "9e35bddb-bb76-460c-be32-a62fc84414c0",
    "data": [
      {
        "text": "new project",
        "userDefined": false
      }
    ],
    "isTemplate": false,
    "count": 0,
    "updated": 0
  },
  {
    "id": "d2c99941-84b9-41c7-a7fa-1214dce6563d",
    "data": [
      {
        "text": "change project",
        "userDefined": false
      }
    ],
    "isTemplate": false,
    "count": 0,
    "updated": 0
  },
  {
    "id": "8fdc452a-2c3f-4e4b-a027-5e7105f1d928",
    "data": [
      {
        "text": "restart",
        "userDefined": false
      }
    ],
    "isTemplate": false,
    "count": 0,
    "updated": 0
  }
]